<!--
  ~ Copyright (c) 2020, WSO2 Inc. (http://www.wso2.org) All Rights Reserved.
  ~
  ~ WSO2 Inc. licenses this file to you under the Apache License,
  ~ Version 2.0 (the "License"); you may not use this file except
  ~ in compliance with the License.
  ~ You may obtain a copy of the License at
  ~
  ~   http://www.apache.org/licenses/LICENSE-2.0
  ~
  ~ Unless required by applicable law or agreed to in writing,
  ~ software distributed under the License is distributed on an
  ~ "AS IS" BASIS, WITHOUT WARRANTIES OR CONDITIONS OF ANY
  ~ KIND, either express or implied. See the License for the
  ~ specific language governing permissions and limitations
  ~ under the License.
  -->

<template xmlns="http://ws.apache.org/ns/synapse" name="listFiles">
    <parameter name="directoryPath" description="The path to the directory to list files"/>
    <parameter name="matchingPattern" description="Pattern to match when listing files"/>
    <parameter name="recursive" description="List files in sub-directories"/>
    <parameter name="sortingAttribute" description="Sort files when listing" />
    <parameter name="sortingOrder" description="File sorting order"/>
    <sequence>
        <class name="org.wso2.carbon.connector.operations.ListFiles" />
    </sequence>
</template>