<!--
  ~ Copyright (c) 2020, WSO2 Inc. (http://www.wso2.org) All Rights Reserved.
  ~
  ~ WSO2 Inc. licenses this file to you under the Apache License,
  ~ Version 2.0 (the "License"); you may not use this file except
  ~ in compliance with the License.
  ~ You may obtain a copy of the License at
  ~
  ~   http://www.apache.org/licenses/LICENSE-2.0
  ~
  ~ Unless required by applicable law or agreed to in writing,
  ~ software distributed under the License is distributed on an
  ~ "AS IS" BASIS, WITHOUT WARRANTIES OR CONDITIONS OF ANY
  ~ KIND, either express or implied. See the License for the
  ~ specific language governing permissions and limitations
  ~ under the License.
  -->

<template xmlns="http://ws.apache.org/ns/synapse" name="move">
    <parameter name="sourcePath" description="The path to the file to be moved."/>
    <parameter name="targetPath" description="The target directory where to move the file."/>
    <parameter name="createParentDirectories" description="Whether or not to create parent directories if they don’t exist in the target path."/>
    <parameter name="includeParent" description="Whether to move including parent folder or only content inside"/>
    <parameter name="overwrite" description="Whether or not to overwrite the file if the target destination already exists."/>
    <parameter name="renameTo" description="The new name for the moved file."/>
    <sequence>
        <class name="org.wso2.carbon.connector.operations.MoveFiles" />
    </sequence>
</template>