<!--
  ~ Copyright (c) 2020, WSO2 Inc. (http://www.wso2.org) All Rights Reserved.
  ~
  ~ WSO2 Inc. licenses this file to you under the Apache License,
  ~ Version 2.0 (the "License"); you may not use this file except
  ~ in compliance with the License.
  ~ You may obtain a copy of the License at
  ~
  ~   http://www.apache.org/licenses/LICENSE-2.0
  ~
  ~ Unless required by applicable law or agreed to in writing,
  ~ software distributed under the License is distributed on an
  ~ "AS IS" BASIS, WITHOUT WARRANTIES OR CONDITIONS OF ANY
  ~ KIND, either express or implied. See the License for the
  ~ specific language governing permissions and limitations
  ~ under the License.
  -->

<template xmlns="http://ws.apache.org/ns/synapse" name="write">
    <parameter name="filePath" description="Path of the file to be written"/>
    <parameter name="contentOrExpression" description="Static content or expression to receive content"/>
    <parameter name="encoding" description="Encoding of the message generated"/>
    <parameter name="mimeType" description="MIME type of the message to write"/>
    <parameter name="compress" description="Whether to compress as a zip and write"/>
    <parameter name="writeMode" description="Write mode to use"/>
    <parameter name="appendPosition" description="Position to append the content"/>
    <parameter name="enableStreaming" description="Write the file in streaming manner"/>
    <parameter name="appendNewLine" description="Whether to add a new line character at the end"/>
    <parameter name="enableLock" description="Whether to lock the file when reading"/>
    <parameter name="includeResultTo" description="Specify where to place operation result."/>
    <parameter name="resultPropertyName" description="Name of property to add operation result."/>
    <sequence>
        <class name="org.wso2.carbon.connector.operations.WriteFile" />
    </sequence>
</template>