{
  "connectorName": "CSV",
  "operationName": "csvToJson",
  "title": "CSV to Json",
  "help": "<h1>CSV to JSON</h1> <b>Convert a CSV payload to JSON</b>",
  "elements": [
    {
      "type": "attributeGroup",
      "value": {
        "groupName": "General",
        "elements": [
          {
            "type": "attribute",
            "value": {
              "name": "description",
              "displayName": "Description",
              "inputType": "string",
              "defaultValue": "",
              "required": "false",
              "helpTip": "Component description"
            }
          },
          {
            "type": "attributeGroup",
            "value": {
              "groupName": "CSV Input",
              "elements": [
                {
                  "type": "attribute",
                  "value": {
                    "name": "headerPresent",
                    "displayName": "Header",
                    "inputType": "comboOrExpression",
                    "defaultValue": "Absent",
                    "required": "false",
                    "comboValues": [
                      "Present",
                      "Absent"
                    ],
                    "helpTip": "Is there a header in the CSV payload ? Default is Absent"
                  }
                },
                {
                  "type": "attribute",
                  "value": {
                    "name": "valueSeparator",
                    "displayName": "Separator",
                    "inputType": "stringOrExpression",
                    "defaultValue": "",
                    "required": "false",
                    "helpTip": "Specify a value separator for CSV. Default is comma ( , )"
                  }
                }
              ]
            }
          },
          {
            "type": "attributeGroup",
            "value": {
              "groupName": "CSV Transformation",
              "elements": [
                {
                  "type": "attribute",
                  "value": {
                    "name": "skipHeader",
                    "displayName": "Skip Headers",
                    "inputType": "booleanOrExpression",
                    "defaultValue": false,
                    "required": "false",
                    "helpTip": "Skip header from the content. Default is False",
                    "enableCondition": [
                      {
                        "headerPresent": "Present"
                      }
                    ]
                  }
                },
                {
                  "type": "attribute",
                  "value": {
                    "name": "columnsToSkip",
                    "displayName": "Skip Columns",
                    "inputType": "stringOrExpression",
                    "defaultValue": "",
                    "required": "false",
                    "helpTip": "Comma separated string of column indexes to skip. Leave blank to skip no columns"
                  }
                },
                {
                  "type": "attribute",
                  "value": {
                    "name": "dataRowsToSkip",
                    "displayName": "Skip Data Rows",
                    "inputType": "stringOrExpression",
                    "defaultValue": "",
                    "required": "false",
                    "helpTip": "Number of data rows to skip. Default is 0"
                  }
                }
              ]
            }
          },
          {
            "type": "attributeGroup",
            "value": {
              "groupName": "JSON Output",
              "elements": [
                {
                  "type": "attribute",
                  "value": {
                    "name": "csvEmptyValues",
                    "displayName": "Empty Values",
                    "inputType": "comboOrExpression",
                    "defaultValue": "Null",
                    "required": "false",
                    "comboValues": [
                      "Null",
                      "Empty"
                    ],
                    "helpTip": "Treat empty CSV values as null or empty strings. Default is to consider as null"
                  }
                },
                {
                  "type": "attribute",
                  "value": {
                    "name": "jsonKeys",
                    "displayName": "JSON Keys",
                    "inputType": "stringOrExpression",
                    "defaultValue": "",
                    "required": "false",
                    "helpTip": "Comma separated keys to use in the JSON object. Using the CSV header or auto generated keys if not specified"
                  }
                },
                {
                  "type": "attribute",
                  "value": {
                    "name": "dataTypes",
                    "displayName": "Data Types",
                    "inputType": "keyValueTable",
                    "defaultValue": "",
                    "columns": [
                      {
                        "name": "Column Name Or Index",
                        "type": "text"
                      },
                      {
                        "name": "Is Column Name",
                        "type": "combo",
                        "allowedValues": [
                          "Yes",
                          "No"
                        ]
                      },
                      {
                        "name": "Data Type",
                        "type": "combo",
                        "allowedValues": [
                          "String",
                          "Boolean",
                          "Integer",
                          "Number"
                        ]
                      }
                    ],
                    "required": "false",
                    "helpTip": "Specify data types as comma separated values. Supporting: string,integer,number,boolean"
                  }
                },
                {
                  "type": "attribute",
                  "value": {
                    "name": "rootJsonKey",
                    "displayName": "Root JSON Key",
                    "inputType": "stringOrExpression",
                    "defaultValue": "",
                    "required": "false",
                    "helpTip": "Key for embedding JSON object. Leave blank to get the original result"
                  }
                }
              ]
            }
          }
        ]
      }
    }
  ]
}
