{
  "connectorName": "file",
  "operationName": "listFiles",
  "title": "List Files In Directory",
  "help": "<h1>List Files</h1><b>List Files In Directory.</b><br><br><ul><li><a href=\"https://ei.docs.wso2.com/en/latest/micro-integrator/references/connectors/file-connector/file-connector-config/\"> More Help </a></li></ul>",
  "elements": [
    {
      "type": "attributeGroup",
      "value": {
        "groupName": "General",
        "elements": [
          {
            "type": "attribute",
            "value": {
              "name": "configRef",
              "displayName": "File Connection",
              "inputType": "connection",
              "allowedConnectionTypes": [
                "LOCAL",
                "FTP",
                "FTPS",
                "SFTP"
              ],
              "defaultType": "connection.local",
              "defaultValue": "",
              "required": "true",
              "helpTip": "File connection to be used"
            }
          },
          {
            "type": "attributeGroup",
            "value": {
              "groupName": "Basic",
              "elements": [
                {
                  "type": "attribute",
                  "value": {
                    "name": "directoryPath",
                    "displayName": "Directory Path",
                    "inputType": "stringOrExpression",
                    "defaultValue": "",
                    "required": "true",
                    "helpTip": "Path to directory to list files in."
                  }
                },
                {
                  "type": "attribute",
                  "value": {
                    "name": "matchingPattern",
                    "displayName": "Matching Pattern",
                    "inputType": "stringOrExpression",
                    "defaultValue": "*.*",
                    "required": "false",
                    "helpTip": "File pattern to match when listing"
                  }
                },
                {
                  "type": "attribute",
                  "value": {
                    "name": "recursive",
                    "displayName": "List Files In Sub-Directories",
                    "inputType": "booleanOrExpression",
                    "defaultValue": "false",
                    "required": "false",
                    "helpTip": "List files in sub-directories"
                  }
                }
              ]
            }
          },
          {
            "type": "attributeGroup",
            "value": {
              "groupName": "Advance",
              "elements": [
                {
                  "type": "attribute",
                  "value": {
                    "name": "sortingAttribute",
                    "displayName": "File Sort Attribute",
                    "inputType": "comboOrExpression",
                    "comboValues": ["Name", "Size", "LastModifiedTime"],
                    "defaultValue": "Name",
                    "required": "true",
                    "helpTip": "Files will be listed as per attribute."
                  }
                },
                {
                  "type": "attribute",
                  "value": {
                    "name": "sortingOrder",
                    "displayName": "Sort Order",
                    "inputType": "comboOrExpression",
                    "comboValues": ["Ascending", "Descending"],
                    "defaultValue": "Ascending",
                    "required": "true",
                    "helpTip": "Order you need to sort in ascending or descending order"
                  }
                }
              ]
            }
          }
        ]
      }
    }
  ]
}
