{
  "connectorName": "file",
  "operationName": "write",
  "title": "create file and writes the content",
  "help": "<h1>Write Files</h1><b>Create File And Writes The Content.</b><br><br><ul><li><a href=\"https://ei.docs.wso2.com/en/latest/micro-integrator/references/connectors/file-connector/file-connector-config/\"> More Help </a></li></ul>",
  "elements": [
    {
      "type": "attributeGroup",
      "value": {
        "groupName": "General",
        "elements": [
          {
            "type": "attribute",
            "value": {
              "name": "configRef",
              "displayName": "File Connection",
              "inputType": "connection",
              "allowedConnectionTypes": [
                "LOCAL",
                "FTP",
                "FTPS",
                "SFTP"
              ],
              "defaultType": "connection.local",
              "defaultValue": "",
              "required": "true",
              "helpTip": "File connection to be used"
            }
          },
          {
            "type": "attributeGroup",
            "value": {
              "groupName": "Basic",
              "elements": [
                {
                  "type": "attribute",
                  "value": {
                    "name": "filePath",
                    "displayName": "File Path",
                    "inputType": "stringOrExpression",
                    "defaultValue": "",
                    "required": "true",
                    "helpTip": "Path of the file to be written."
                  }
                },
                {
                  "type": "attribute",
                  "value": {
                    "name": "contentOrExpression",
                    "displayName": "Content/Expression",
                    "inputType": "textAreaOrExpression",
                    "defaultValue": "",
                    "required": "false",
                    "enableCondition":  ["NOT",{"enableStreaming":"true"}],
                    "helpTip": "Static content or expression to receive content. If not given what is message body will get written."
                  }
                },
                {
                  "type": "attribute",
                  "value": {
                    "name": "mimeType",
                    "displayName": "MIME Type",
                    "inputType": "comboOrExpression",
                    "comboValues": ["Automatic","text/plain", "application/xml", "application/binary", "application/json", "text/xml"],
                    "defaultValue": "Automatic",
                    "enableCondition":  ["NOT",{"enableStreaming":"true"}],
                    "required": "true",
                    "helpTip": "MIME Type of the message. When formatting message for writing this will be used."
                  }
                },
                {
                  "type": "attribute",
                  "value": {
                    "name": "writeMode",
                    "displayName": "Write Mode",
                    "inputType": "comboOrExpression",
                    "comboValues": ["Overwrite", "Append", "Create New"],
                    "defaultValue": "Overwrite",
                    "required": "true",
                    "helpTip": "Write mode to use - overwrite, append or create new."
                  }
                },
                {
                  "type": "attribute",
                  "value": {
                    "name": "appendPosition",
                    "displayName": "Position",
                    "inputType": "stringOrExpression",
                    "defaultValue": "0",
                    "required": "false",
                    "enableCondition":  [{"writeMode":"Append"}],
                    "helpTip": "Position to append the content. Only used when WriteMode is APPEND."
                  }
                }
              ]
            }
          },
          {
            "type": "attributeGroup",
            "value": {
              "groupName": "Advance",
              "elements": [
                {
                  "type": "attribute",
                  "value": {
                    "name": "encoding",
                    "displayName": "Encoding",
                    "inputType": "stringOrExpression",
                    "defaultValue": "UTF-8",
                    "required": "false",
                    "helpTip": "Content Encoding. Applied when a value for content/expression is present."
                  }
                },
                {
                  "type": "attribute",
                  "value": {
                    "name": "compress",
                    "displayName": "Compress",
                    "inputType": "booleanOrExpression",
                    "defaultValue": "false",
                    "required": "false",
                    "enableCondition":  ["OR",{"writeMode":"Create New"}, {"writeMode":"Overwrite"}],
                    "helpTip": "Whether to compress as a zip and write. Available only when WriteMode is Create New or OverWrite."
                  }
                },
                {
                  "type": "attribute",
                  "value": {
                    "name": "appendNewLine",
                    "displayName": "Append New Line",
                    "inputType": "booleanOrExpression",
                    "defaultValue": "false",
                    "required": "false",
                    "enableCondition":  ["NOT",{"enableStreaming":"true"}],
                    "helpTip": "Whether to append a new line character the the end of written content."
                  }
                },
                {
                  "type": "attribute",
                  "value": {
                    "name": "enableStreaming",
                    "displayName": "Enable Streaming",
                    "inputType": "booleanOrExpression",
                    "defaultValue": "false",
                    "required": "true",
                    "helpTip": "Write to the file in streaming manner."
                  }
                },
                {
                  "type": "attribute",
                  "value": {
                    "name": "enableLock",
                    "displayName": "Enable Locking",
                    "inputType": "booleanOrExpression",
                    "defaultValue": "false",
                    "required": "true",
                    "helpTip": "Whether to lock the file when writing"
                  }
                }
              ]
            }
          },
          {
            "type": "attributeGroup",
            "value": {
              "groupName": "Operation Result",
              "elements": [
                {
                  "type": "attribute",
                  "value": {
                    "name": "includeResultTo",
                    "displayName": "Add Result To",
                    "inputType": "comboOrExpression",
                    "comboValues": ["Message Body","Message Property"],
                    "defaultValue": "Message Body",
                    "required": "true",
                    "helpTip": "Specify where to place operation result. Setting to a property will not change current payload at message body."
                  }
                },
                {
                  "type": "attribute",
                  "value": {
                    "name": "resultPropertyName",
                    "displayName": "Property Name",
                    "inputType": "stringOrExpression",
                    "defaultValue": "",
                    "required": "false",
                    "enableCondition": [{"includeResultTo":"Message Property"}],
                    "helpTip": "Name of property to add operation result"
                  }
                }
              ]
            }
          }
        ]
      }
    }
  ]
}
