<!--
  ~ Copyright (c) 2020, WSO2 Inc. (http://www.wso2.org) All Rights Reserved.
  ~
  ~ WSO2 Inc. licenses this file to you under the Apache License,
  ~ Version 2.0 (the "License"); you may not use this file except
  ~ in compliance with the License.
  ~ You may obtain a copy of the License at
  ~
  ~ http://www.apache.org/licenses/LICENSE-2.0
  ~
  ~ Unless required by applicable law or agreed to in writing,
  ~ software distributed under the License is distributed on an
  ~ "AS IS" BASIS, WITHOUT WARRANTIES OR CONDITIONS OF ANY
  ~ KIND, either express or implied.  See the License for the
  ~ specific language governing permissions and limitations
  ~ under the License.
  -->
<template xmlns="http://ws.apache.org/ns/synapse" name="csvToXml">
    <parameter name="headerPresent" description="Is there a header in the CSV payload ? Default is Absent"/>
    <parameter name="valueSeparator" description="Specify a value separator for CSV. Default is comma ( , )"/>
    <parameter name="skipHeader" description="Should the header row be skipped from the content ? Default if false"/>
    <parameter name="columnsToSkip"
               description="Comma separated string of column indexes to skip. Leave blank to skip no columns"/>
    <parameter name="dataRowsToSkip" description="Number of data rows to skip. Default is 0"/>

    <parameter name="tagNames" description="Custom tag names to result tags. Use comma separated strings"/>
    <parameter name="rootElementTag" description="Tag name of the root XML element"/>
    <parameter name="rootElementNamespace" description="Namespace URI for root XML element"/>
    <parameter name="rootElementNamespaceURI" description="Namespace prefix for root XML element"/>
    <parameter name="groupElementTag" description="Name of the group xml elements"/>
    <parameter name="groupElementNamespace" description="Namespace URI for group XML element"/>
    <parameter name="groupElementNamespaceURI" description="Namespace prefix group root XML element"/>
    <sequence>
        <property name="headerPresent" expression="$func:headerPresent"/>
        <property name="valueSeparator" expression="$func:valueSeparator"/>
        <property name="skipHeader" expression="$func:skipHeader"/>
        <property name="columnsToSkip" expression="$func:columnsToSkip"/>
        <property name="dataRowsToSkip" expression="$func:dataRowsToSkip"/>
        <property name="tagNames" expression="$func:tagNames"/>
        <property name="rootElementTag" expression="$func:rootElementTag"/>
        <property name="rootElementNamespace" expression="$func:rootElementNamespace"/>
        <property name="rootElementNamespaceURI" expression="$func:rootElementNamespaceURI"/>
        <property name="groupElementTag" expression="$func:groupElementTag"/>
        <property name="groupElementNamespace" expression="$func:groupElementNamespace"/>
        <property name="groupElementNamespaceURI" expression="$func:groupElementNamespaceURI"/>
        <class name="org.wso2.carbon.module.csv.CsvToXmlTransformer"/>
    </sequence>
</template>
