{
  "id": 2,
  "name": "GitHubAnalyserSub",
  "uuid": "31d570bb-32cb-4c4a-84dc-d4b94efc078a",
  "subscriber": {
    "name": "admin",
    "id": 1,
    "tenantId": 0
  },
  "subscribedAPIs": [
    {
      "subscriptionId": 1,
      "tier": {
        "name": "Unlimited",
        "displayName": "Unlimited",
        "requestsPerMin": 0,
        "requestCount": 0,
        "unitTime": 0,
        "timeUnit": "ms",
        "stopOnQuotaReached": true
      },
      "subscriber": {
        "name": "admin",
        "id": 1,
        "tenantId": 0
      },
      "apiId": {
        "providerName": "admin",
        "apiName": "GitHubIssueAnalyzer",
        "version": "v1",
        "id": 0
      },
      "application": {
        "id": 0,
        "name": "GitHubAnalyserSub",
        "uuid": "31d570bb-32cb-4c4a-84dc-d4b94efc078a",
        "subscriber": {
          "name": "admin",
          "id": 1,
          "tenantId": 0
        },
        "subscribedAPIs": [],
        "keys": [],
        "keyManagerWiseOAuthApp": {},
        "applicationAttributes": {},
        "subscriptionCount": 0
      },
      "subStatus": "UNBLOCKED",
      "subCreatedStatus": "SUBSCRIBE",
      "keys": [],
      "uuid": "2f12156f-2516-4356-8ea0-cc6e8d12cc48",
      "isBlocked": false
    }
  ],
  "keys": [],
  "keyManagerWiseOAuthApp": {
    "SANDBOX": {},
    "PRODUCTION": {
      "Resident Key Manager": {
        "clientId": "Svu58PCAji4nITQjLU9Tqm2l4Aga",
        "clientName": "admin_GitHubAnalyserSub_PRODUCTION",
        "callBackURL": "https://google.com",
        "clientSecret": "SkZrUGQ0WFBTZmk4ZWY5V3cybWQxRkVaRlFzYQ\u003d\u003d",
        "parameters": {
          "grant_types": "refresh_token urn:ietf:params:oauth:grant-type:saml2-bearer password client_credentials iwa:ntlm urn:ietf:params:oauth:grant-type:device_code urn:ietf:params:oauth:grant-type:jwt-bearer",
          "redirect_uris": "https://google.com",
          "client_name": "admin_GitHubAnalyserSub_PRODUCTION"
        },
        "isSaasApplication": false,
        "appAttributes": {}
      }
    }
  },
  "tier": "Unlimited",
  "description": "Subscription for GitHub issue analyser",
  "status": "APPROVED",
  "groupId": "",
  "owner": "admin",
  "applicationAttributes": {},
  "tokenType": "JWT",
  "subscriptionCount": 0
}